,names,popularity
0,Tennessee Whiskey,80
1,Vaarthinkal,44
2,Kadhal Azhivathilai,29
3,Hookah Bar,66
4,Kudajadryil,36
5,Priyanumathram,36
6,Love Is Gone - Acoustic,79
7,"Ghost Party - From ""Annabelle Rathore""",22
8,Firefly,51
9,Kai Kottu Penne,32
10,drivers license,89
11,Yaaro Yaaro,55
12,Palnilavinum,28
13,Ennamme Onnu Kaanaan,27
14,Everything I Need,62
15,Odu Odu Aadu,48
16,Imagination,75
17,You Let Me Walk Alone,56
18,"Chollamo - From ""Ole Kanda Naal""",24
19,Mehrubha - Version 1,36
20,Aaro Viral - Male Version,39
21,At My Worst,76
22,Nagada Nagada,54
23,Mounam Chorum Neram,49
24,Enthu Bhangi,21
25,For You,85
26,Ambalappuzhe,41
27,Pon Kasavu Njoriyum,23
28,"Psycho Saiyaan (From ""Saaho"")",63
29,Samjhawan,62
30,Koodamela Koodavechi,56
31,Kulirudha Pulla,48
32,Kudamulla Kammal,22
33,"Hey, Soul Sister",83
34,Tooh,49
35,Ponnushassennum,25
36,Apologize - feat. One Republic,0
37,Chanchala Druthapada,22
38,Dil Ibaadat,71
39,"Sunny Sunny (From ""Yaariyan"")",52
40,O Rangrez,57
41,Silsila Ye Chahat Ka - Devdas / Soundtrack Version,46
42,Dandelions,90
43,"Uyire - From ""Minnal Murali""",59
44,Swayamvarachandrike,42
45,"Desi Girl (From ""Dostana"")",49
46,Insane,76
47,Kanave Kalaiyathe,40
48,Kalabham Tharam (F),31
49,The Life of Ram,60
50,Valuthyoru,26
51,Nadodipoothinkal,40
52,Dwadasiyil Mani Deepika,38
53,Aakashadheepangal Sakshi - Male Vocals,27
54,Put Your Head On My Shoulder,69
55,Kinavile - Female Version,23
56,"Dhadak Dhadak Dhana (From ""Malsaram"")",3
57,Tattad Tattad,41
58,Cheerleader - Felix Jaehn Remix Radio Edit,79
59,Kunnimani Kannazhaki,24
60,There's Nothing Holdin' Me Back,86
61,Kunukkuppennu,23
62,Chingamasam,42
63,Ambalakara,30
64,Aararum - Male Version,44
65,En Kanimalare,49
66,Love The Way You Lie,82
67,En Veettu Thottathil,47
68,Ra ta ta ta ta,37
69,Oru Theera Novu - Mohan Kumar Fans,25
70,Sham,61
71,Nagumo Revival,55
72,Kilukil Pambaram,40
73,Jenny of Oldstones (Game of Thrones),57
74,Aarthunmkale,16
75,Muttahtethum,46
76,Kangal Irandal,59
77,Maayaadevakikku,26
78,Piriyadha Enna,51
79,Nagumo,61
80,Raara Venu,34
81,Her Majesty - Remastered 2009,22
82,Pyro,60
83,Muthu Mazha,44
84,Chandaamaama,24
85,Karimizhi,48
86,Swag Se Swagat,50
87,God Only Knows - Mono / 1997 Remastered,10
88,Etho Rathri - Male Version,30
89,Mirrors,79
90,"Parasparam Iniyonnum - From ""Mission C - Chasing Beyond Limits""",16
91,Runaway,79
92,"Meymasam (From ""Natturajavu"")",24
93,Meet Me At Our Spot,84
94,Pottukuthedi,44
95,Sharabi,50
96,Banke Tera Jogi,48
97,Inn Lamhon Ke Daaman Mein,55
98,Pranayasauganthikam,18
99,Lost Stars,64
100,Omanappuzha,31
101,London Thumakda,58
102,I Won't Give Up,69
103,Khoj (Passing By),54
104,"Shaitan Ka Saala (From ""Housefull 4"")",52
105,BeFoUr,57
106,Supermarket Flowers,75
107,Naane Varugiraen,51
108,Rojappoo Kavilathu,20
109,Mixed Signals,57
110,Should've Gone to Bed,40
111,Oru Kaathilola,49
112,Ye Ishq Hai,63
113,Sofia,80
114,Neelakkuyile Cholloo,26
115,"Deewana Hai Dekho (From ""Kabhi Khushi Kabhie Gham"")",45
116,Ey Sandakaara,53
117,"Say ""Shava Shava""",55
118,Unakkenna Venum Sollu,52
119,Buttercup,73
120,"Kan Pesum Varthaigal (From ""7/G Rainbow Colony"")",48
121,Nilaavinte Neelabhasma,36
122,Chiri Chiriyo,31
123,"La Vie En Rose - From ""How I Met Your Mother: Season 9""",53
124,Vinnile Ghandarva,33
125,Vaattalla Vaattiyilla,8
126,The Breakup Song,59
127,Rude,81
128,"Ada (From ""Garam Masala"")",39
129,"Muthe - From ""Amrutham""",26
130,STAY (with Justin Bieber),91
131,Vitalic Thrashers,0
132,Brown Munde,74
133,Khaabon Ke Parinday,62
134,"Chandhamama - From ""Rock N Roll""",16
135,Minnalkkodi,51
136,Pavanarachezhuthunnu,20
137,Kannil Kaasi,29
138,Manasse Manasse,58
139,Rewrite The Stars (with James Arthur & Anne-Marie),75
140,Oh Penne,64
141,Mamma Mia,77
142,Kuttanadan,42
143,Forever Like That,54
144,Attirambile,38
145,Ramakadha,24
146,Shout Out to My Ex,77
147,Best Friend,77
148,Kayamboo - Nadhi,14
149,Kanne kallimaane,27
150,Paathiravaayi Neram,33
151,Thinkale Poonthinkale,45
152,Baletta Baletta,21
153,Ready or Not,73
154,Pavanaguru,21
155,Ezhimala Poongola,33
156,Sucker,81
157,First Class,94
158,Ilamaankanniloode,48
159,Vaalittezhuthiya,26
160,Tharakamalarukal,26
161,Radha Kaise Na Jale,55
162,Nee Nenacha,55
163,Ranjha - Lofi Flip,57
164,Keli Vipinam,19
165,Subha Hone Na De,8
166,Venpaniye,47
167,Nan pogiren,51
168,Don't Stand So Close To Me / Young Girl,40
169,Kandunjan Mizhikalil,36
170,Dinkiri Pattalam,30
171,Muttathe Mulle - Male Version,28
172,Naran,47
173,"Dum - Version, 2",24
174,Buttabomma,64
175,Chayunnuvo,29
176,"Chaka Chak (From ""Atrangi Re"")",65
177,Naruto - Orochimaru's Theme - Remix,34
178,Confusion,38
179,Criminal,60
180,Summer Wind,39
181,Ponnolathumbi,40
182,Ninakkende,48
183,Call Me When You Want Call Me When You Need,59
184,Pavizha Mazha,59
185,Karukarethoru,34
186,Kudukku,57
187,Penne Penne,40
188,Riptide,82
189,Trampoline (with ZAYN),69
190,Ishq Bina,51
191,Sattru Munbu,48
192,Anuraghathin Velayil,52
193,Pai Kurumbiye,36
194,Malare,54
195,"Karutharavinte Kannikidavu (From ""Narendran Makan Jayakanthan Vaka"")",25
196,Kiss and Tell,50
197,"Manamariyunnolu - From ""Porinju Mariam Jose""",41
198,Khulke Jeene Ka,56
199,Tamma Tamma Again,56
200,The Nights,86
201,Airplanes,4
202,"Chogada (From ""Loveyatri"")",63
203,PakalIravukal,53
204,Nail Nadiyee,26
205,"Isq Risk - Flute Version (From ""Mere Brother Ki Dulhan"")",25
206,Innum Konjam Naeram,61
207,Mandram Vantha,43
208,Alliyambal - Remix Version,37
209,Idhazhin Oram - The Innocence of Love,67
210,"Nila Paithale (From ""Olympian Anthony Adam"")",36
211,Kaattadi,47
212,I Hear a Symphony,76
213,Maanathechandiranothoru,25
214,Drops of Jupiter (Tell Me),79
215,"Ithal - From ""Koora""",21
216,Anuragham - Male Version,45
217,Roll with the Wind,41
218,Every Time I Close My Eyes,63
219,River Road,54
220,Rewrite The Stars,66
221,Aethu Kari Raavilum,53
222,Something - Remastered 2009,71
223,Phoenix,68
224,La Vie En Rose,67
225,Stay With Me,73
226,Royals,1
227,Velmuruka,42
228,Let Me Down Slowly,84
229,Six Degrees of Separation,59
230,"Second Hand Jawaani (From ""Cocktail"")",13
231,Kannilumma,31
232,Jagadodharana,23
233,Shukran Allah,63
234,Standing in the Rain,28
235,Oh! Darling - Remastered 2009,66
236,Markazhiye Mallikaye,35
237,Dil Chori,57
238,Dhoom Taana,52
239,Padam Vanamali,31
240,Nallappan En Ayyappan,15
241,"Aankh Marey (From ""Simmba"")",60
242,Pasoori,85
243,Never Been in Love,57
244,"CAN'T STOP THE FEELING! (from DreamWorks Animation's ""TROLLS"")",78
245,Katturumbinu,22
246,Wildest Dreams (Taylor's Version),82
247,Nee Vaadaa,29
248,"Madhurapathinezhukaari - From ""Chiri""",16
249,Naada Roopini - Saraswathi - Adi,0
250,Usure Pogudhey,60
251,Hey Jude - Remastered 2015,74
252,Kudamullakkadavil,29
253,Narabali,25
254,Boys Will Be Boys,63
255,Dholida,60
256,Shivamallikkavil,28
257,Kanneer Poovinte,29
258,"Njanoru Pattu Padam (From ""Megham"")",22
259,"Swapnam Oru Chak - From ""Best Actor""",34
260,Enkeyoo Partha,65
261,Parumala Cheruvile,25
262,"Nadiyon Paar (Let the Music Play Again) (From ""Roohi"")",68
263,"Enn Theivaththukkei (From ""Sivakasi"")",34
264,"Vellaram Kunnileri - From ""Swapna Sanchari""",17
265,Darshana,66
266,Aarutharum,25
267,Nothing New (feat. Phoebe Bridgers) (Taylor’s Version) (From The Vault),75
268,Dil Se Re,56
269,Markazhiye Mallikaye (From “Megham”),34
270,Katte Nee,38
271,You Set My World On Fire,56
272,Purple Lamborghini,68
273,Thrift Shop (feat. Wanz),68
274,Blackbird - Remastered 2009,73
275,Kanave Kanave,67
276,Let Me,84
277,Wonderland,67
278,Char Baj Gaye - Party Abhi Baaki Hai,50
279,Hamesha & Forever,37
280,Magenta Riddim,64
281,Train Wreck,80
282,Angel in Blue Jeans,55
283,Srivalli,74
284,Khairiyat,74
285,"Aahun Aahun (From ""Love Aaj Kal"")",30
286,Hridayam Theme,50
287,Say Something,74
288,"Pachtaoge (From ""Jaani Ve"")",64
289,"Hamen Jab Se Mohabbat (From ""Border"")",35
290,Haan Main Galat,58
291,All Too Well (10 Minute Version) (Taylor's Version) (From The Vault),84
292,Oh Cecilia (Breaking My Heart),60
293,Someone You Loved,86
294,Minnayam Minnum,25
295,Circles,86
296,Thathaka Theithare,58
297,Doore Kizhakudhikkum,38
298,The Man Who Can't Be Moved,73
299,Kiss You,75
300,Maambulli,25
301,Makhna,72
302,Perfect - Rise Cast Version,39
303,Sweety Tera Drama,58
304,Shikayat,56
305,Ghost,90
306,Back To Black,78
307,Pulariyil,21
308,Akasham Pole,57
309,Sare Sare Sambare,19
310,Moovanthithaazhvarayil,38
311,Let's Nacho,54
312,"Dilbar (From ""Satyameva Jayate"")",63
313,Alare Govinda,43
314,I Want To Hold Your Hand - Remastered 2009,64
315,Konchi Konchi,22
316,Naadharoopini,26
317,Sadda Dil Vi Tu (Ga Ga Ga Ganpati),46
318,Birth of the Blues,36
319,The Hanging Tree,63
320,Mele Vinninmuttathu - Male Version,25
321,Tu Aake Dekhle,79
322,Thoovaanam,47
323,Bhankas,45
324,Jab Saiyaan,60
325,Unn Perai Sollum,52
326,Kanneerppovinte,42
327,Dil Diyan Gallan,66
328,Neelathamare,46
329,Shyama Meghame,44
330,Chundathu,39
331,Maaya Manjalil,37
332,Veshangalil Poiyillai - Additional Song,46
333,Athmavile,49
334,Abhi Mujh Mein Kahin,63
335,"Enthanee Mounam - From ""Vijay Superum Pournamiyum""",37
336,Gulabi Aankhen,68
337,Akh Lad Jaave,59
338,One Right Now (with The Weeknd),85
339,O Dilruba,29
340,Thaarame Thaarame,62
341,Veshangal,46
342,MONTERO (Call Me By Your Name),84
343,Aalilathali,37
344,Swapnangal Kannezhuthiya,29
345,"Nandalala Hey Nandalala (From ""Independence"")",24
346,Pudamuri Kalyanam,16
347,If the World Was Ending (feat. Julia Michaels),79
348,Agar Tum Saath Ho,72
349,tears in the club (feat. the weeknd),63
350,"Darshana - From ""Hridayam""",65
351,Sk8er Boi,77
352,Po Nee Po - The Pain of Love,65
353,Bad Romance (Glee Cast Version),48
354,Elam Manhin,29
355,Shape of My Heart,72
356,Vaathil Pazhuthiloode - Reprised Version,30
357,Saibo,71
358,Ennalakalle,37
359,Omana Komala,34
360,Oru Vattam Koodiyen,26
361,Kanalu,29
362,Thankakkinaapponkal,20
363,Funny Little World,32
364,Ghanashyama,18
365,En Kadhale,52
366,Ishtamallada,34
367,Dil Dil Salam Salam,24
368,Omane,24
369,Onnamkili Ponnankili,49
370,Fight Song,78
371,Can We Dance,66
372,Helium,69
373,Kadukittu Varuthuru - Duet Version,39
374,Talk To Me,66
375,Aashiq Surrender Hua,47
376,Kabhi Alvida Naa Kehna,57
377,Alliyambal Poove,37
378,Saadhimchane,4
379,Calamity,53
380,New Rules,81
381,"Tose Naina (From ""Mickey Virus"")",60
382,God is a woman,79
383,Ee Mazha Megham,49
384,Sweater Weather,90
385,Live While We're Young,75
386,Iniyenthunalkanam,35
387,"Venal Paathayil From ""Kho Kho""",23
388,"Mere Liye Tum Kaafi Ho (From ""Shubh Mangal Zyada Saavdhan"")",70
389,Wake Me Up,85
390,"Kuruvaa Kaavile (From ""Star"")",18
391,Ethrayo,47
392,Maanyamaha Janangale,32
393,Osalama,35
394,Pathinalam Ravil,16
395,Vattayila Pandalittu,24
396,Bruises,79
397,Good Morning,48
398,Thotturummi,42
399,Karale Nin,39
400,Nanbane,55
401,Shy,61
402,Phir Milenge Chalte Chalte,51
403,I'm Yours,81
404,I'm an Albatraoz,73
405,When I Was Your Man,85
406,Maanikkyakkallal,40
407,Gopangane,28
408,Pallitherundo Chathuranga,41
409,Kal Ho Naa Ho - Sad,49
410,Manasinte Ullil Ninnu,40
411,Annakkili (Jassie Gift),40
412,Feeling Good,73
413,Kamli,55
414,"Poomuthole - From ""Joseph""",44
415,Cry Your Heart Out,67
416,Heather,86
417,Breathless - Shankar Mahadevan,53
418,Maangalyam,49
419,Snehidhane New Version,57
420,Deva Shree Ganesha,57
421,I Knew You Were Trouble.,77
422,"Dil Ko Karaar Aaya (From ""Sukoon"")",76
423,All Night,74
424,"Chingapadayude Rajave (From ""Natturajavu"")",26
425,Roar,0
426,Tu Hi Mera,61
427,Idhu Varai,61
428,Raree Raariram Raaro,35
429,Kaanana Kuyil,35
430,Ennadi Maayavi Nee,63
431,I am a Lost Boy from Neverland,37
432,Never Break,52
433,Awwa Awwaa,34
434,O Priye,31
435,Ninte Mizhimuna,41
436,Innale Ente Nenjile,43
437,Outside,4
438,Manjakkiliyude,32
439,"Taki Taki (with Selena Gomez, Ozuna & Cardi B)",77
440,Scarecrow,47
441,Ormakkai Iniyoru - Duet,36
442,Cure For Me,60
443,"Dus Bahane 2.0 (From ""Baaghi 3"") (feat. K.K., Shaan, Tulsi Kumar)",58
444,Thiranurayum,30
445,Neela Maalaakhe,45
446,Khaike Paan Banaras Wala,42
447,"Kadhaippoma (From ""Oh My Kadavule"")",65
448,Sisirakaala,38
449,Here Comes The Sun - Remastered 2009,82
450,Ud-daa Punjab,55
451,Allimar Kavil,44
452,Ende Onnum,44
453,Neeyilla Neram,51
454,Mannipaaya,58
455,"Tera Yaar Hoon Main (From ""Sonu Ke Titu Ki Sweety"")",62
456,Oru Poo Mathram,39
457,Don't Really Wanna Know,39
458,Somebody Like You,51
459,Ee Thanutha,40
460,Earnmegam,41
461,Minnithennum,30
462,Raakuyil D,21
463,"Raataan Lambiyan (From ""Shershaah"")",78
464,Kakkothi,41
465,Mazhaye Mazhaye,42
466,Redwood Tree,37
467,Hymn for the Weekend,83
468,Aangopangam,22
469,My Little Love,71
470,Kakkalakkannamma,19
471,I'm Not Ok,76
472,"Kusu Kusu (From ""Satyameva Jayate 2"")",70
473,Poison,48
474,Kasavinte Thattamittu,43
475,Aanandhanadanam - Male Version,13
476,"Chempakapoomottin (From ""Ammakkilikoodu"")",25
477,Chandarmizhi,32
478,abcdefu,91
479,"Kannai Vittu (From ""Iru Mugan "")",47
480,cold/mess,61
481,Soorya Kireedam,39
482,Lajjavathiye,48
483,Tere Bina,64
484,Bhage Re Mann,49
485,Tumhi Dekho Naa,59
486,Ik Vaari Aa,9
487,Pon Veene,44
488,Ee Puzhayum,36
489,Thamarakkili Paadunnu (Duet),36
490,Krishnaa Nee Begane,21
491,Karineelakkannazhaki,23
492,"Naranga Muttayi - From ""Kesu Ee Veedinte Nadhan""",33
493,Bom Diggy Diggy,67
494,Saans,57
495,Yaathrayay Neelambaram,42
496,"Aadi Thira Thanil - From ""Bhagyadevatha""",9
497,Beautiful World,38
498,Yaad Piya Ki Aane Lagi,64
499,Somewhere Only We Know,80
500,Save Your Tears (with Ariana Grande) (Remix),85
501,Meena Venalil,29
502,Jodi Nilave - The Pain of Tamizh,46
503,Bitter,69
504,Uruguthey (Unplugged),44
505,ocean eyes,80
506,Astronaut In The Ocean,80
507,Remember That Night?,77
508,Vilichathenthinu,19
509,Heathens,81
510,Lost,76
511,Naetru Aval Irundhal,52
512,Kaikudanna Niraye,22
513,"Coca Cola (From ""Luka Chuppi"")",62
514,Kanneer Mazhayathu,26
515,Raavin Nila Kaayal (M),32
516,The One That Got Away - Acoustic,68
517,"i hate u, i love u (feat. olivia o'brien)",78
518,Make You Feel My Love,76
519,Set Fire to the Rain,77
520,"Nenjil Ezhuniramai - From ""Mission C - Chasing Beyond Limits""",13
521,"Chaanjadi Aadi - From ""Makalkku""",45
522,"Theerame - From ""Malik""",57
523,Somebody's Me,51
524,Drama Queen,48
525,Rose,81
526,Run (feat. Ed Sheeran) (Taylor’s Version) (From The Vault),73
527,"Alhamdulillah - From ""Sufiyum Sujatayum""",45
528,Don’t Let Me Down - First Rooftop Performance,61
529,Thattum Muttum,54
530,Raavil Aaro - Duet Version,27
531,Instagram Love Song,11
532,Therirangum Mukile,48
533,Kumkumamo,54
534,Main Agar Kahoon,65
535,Big Bad World,43
536,"Rudhiram (From ""Aram"")",19
537,21 Guns,50
538,Sangeethame,18
539,Dhindora,54
540,Galway Girl,79
541,Somebody That I Used To Know,80
542,Orochimaru & Kabuto (Naruto) [feat. Sketti & Rifti Beats],22
543,"Thumpayum Thulasiyum (From ""Megham"") - Female Vocals",28
544,Oruvenal Puzhayil,51
545,Kuch Kuch Hota Hai,62
546,Problem,5
547,Varamanjal,42
548,Back To Life,54
549,Jashn-E-Bahaaraa,70
550,Thattathin Marayathe,46
551,Vienna,80
552,Taare Zameen Par,52
553,Samayamithapoorva (Duet),39
554,Thean Kudika,55
555,Eatho Oru Paatu - Female Vocals,37
556,Oh Mumbai,23
557,Kakkattile Kukootile,16
558,Shallow,84
559,"Jai Jai Shivshankar (From ""War"")",58
560,Chil Chil Chilomboli,25
561,Chandhanamani,41
562,Your Song - Bonus Track,64
563,Jalebi Baby (Tesher x Jason Derulo) [DallasK Remix],53
564,Ava Enna,63
565,"Shayad (From ""Love Aaj Kal"")",67
566,Madhumasam,32
567,Oru Kinnaragaanam,43
568,Thirike - Male Version,26
569,Parudeesa,58
570,Puthumazhayai Shreya Ghoshal,44
571,Dhum Dhum Dhum Dhum,38
572,Vennila Chandhana Kinnam - Reprised Version,33
573,Sucker for Pain (with Logic & Ty Dolla $ign feat. X Ambassadors),44
574,Marannittumenthino - Version 1,40
575,A Step You Can’t Take Back,50
576,Dwi Nada Pallavi - Naadha Roopini Nasika Bhooshani - Nasika Bhooshani - Dwi Nada Thisra Triputa,0
577,Pranayamazha,36
578,Shyamavaaniletho,35
579,All Too Well (Taylor's Version),75
580,Main Tumhara,59
581,Lut Gaye,63
582,It'll Be Okay,82
583,Ravil Veenanadam,24
584,Mouliyil,25
585,Muskurahat,51
586,Natural,0
587,Thalam Poyi,31
588,Thamarappovil,37
589,Alaipaayuthe,36
590,champagne problems,77
591,Romantic Mashup 2,58
592,Hang On A Little Longer,39
593,En Meal Vizhundha Mazhai,45
594,Maayatha Marivil,15
595,Maxwell's Silver Hammer - Remastered 2009,58
596,Little Do You Know,77
597,Chandhanapoo,6
598,Party On My Mind - DJ Jay Dabhi Remix,34
599,"Gone, Gone, Gone",69
600,Khuda Jaane,73
601,"Udhicha Chandirante (From ""Punjabi House"")",26
602,Ishq Di Baajiyaan,49
603,"Dil Ne Yeh Kaha Hain Dil Se (From ""Dhadkan"")",51
604,Oru Vallam Ponnum,41
605,Oru Murai Vanthu,34
606,Edge of Desire,61
607,Bridge over Trouble Waters,40
608,Velippenninu Thaalikku,20
609,Fix You,82
610,Hallelujah,0
611,Palavattom Pookkalam,44
612,Randu Chandranudicha,0
613,The Night We Met,82
614,Malare Ennakollam,24
615,Mandaarame,44
616,Kalpantha,26
617,"Ghungroo (From ""War"")",69
618,Orochimaru Theme - From Naruto,24
619,"Mere Sohneya (From ""Kabir Singh"")",62
620,"Kadalenum (From ""Kadhalar Dhinam"")",37
621,Hotel California,84
622,Pazhamthamizh,39
623,Hai Rama,52
624,Kathodu Kathoram,32
625,Otta Thumbi,30
626,"Slow Motion (From ""Bharat"")",55
627,Uyire Uyire,51
628,Jugnu,74
629,Over And Over Again,65
630,Cholamaram Kaattadikkanu,18
631,All I Want,82
632,I'm Gonna Take My Horse to the Old Town Road,77
633,Assum Assum,21
634,Dancing With A Stranger (with Normani),76
635,"Character Dheela (From ""Ready"")",9
636,Better,72
637,Doore Mamarakkombil (F),38
638,OruPen Kidavu,11
639,You Are My Soniya,58
640,idfc,81
641,Patakha Guddi,58
642,"Ariyathariyathe - From ""Ayyappanum Koshiyum""",28
643,"Cutiepie (From ""Ae Dil Hai Mushkil"")",45
644,Slow Dance In A Parking Lot,71
645,Ente Ellam Ellam Alle,44
646,Let It Go,72
647,"Gopike - From ""Kattathe Kilikkoodu""",13
648,Arivin Nilave,18
649,Nadaroopini,11
650,Aadhiyusha Sandhya,26
651,Themma Themma (F),44
652,Bas Kar Ji,54
653,Minungum Minnaminuge - Duet Version,34
654,Vaathil Melle,46
655,I Know What You Did Last Summer,73
656,"Kettille Kettille (From ""Pokkiriraja"")",35
657,Panchavarnnakkulire,37
658,"Unna Nenachu (From ""Psycho (Tamil)"")",56
659,Sarvam Sadha,49
660,Assalayi,29
661,Falling,80
662,"Ariyathe Ariyathe (From ""Ariyathe Ariyathe Duet"")",51
663,Omanathinkalkidavo,39
664,Paathiramazha - Male Version,35
665,Onnam Vattam Kandappol,28
666,Kasoor,70
667,therapy,62
668,Sixteen Dead Men (W.B. Yeats),10
669,Ainvayi Ainvayi,57
670,Minnadi Minnadi (Karaoke),20
671,Vennilavo Chandanamo,35
672,Alliyilam Poovo,44
673,"Ob-La-Di, Ob-La-Da - Remastered 2009",71
674,Kokkokko - Remix Version,34
675,I Like Me Better,83
676,Prem Ki Naiyya - DJ Suketu Remix,36
677,Mani Mukile,24
678,The Disco Song,58
679,Kilippenne,32
680,Maliniyude Theerangal,38
681,Mizhiyariyaathe (F),33
682,Yeh Dil Deewana,58
683,"Padam Vanamali (From ""Kakkakuyil"")",30
684,"Mukilu Thodaanaayi - From ""Home""",45
685,Kanna Kaattu Podhum,44
686,Kulir Thennal Vannu,25
687,Karuppinazhaku,46
688,Kabhi Khushi Kabhie Gham - Sad Version -1,47
689,Kalank (Title Track),70
690,Tum Tak,66
691,I Love You December,27
692,Vanilla Twilight,62
693,Amma Amma,53
694,Makaranilaavil,19
695,Neeyam Thanalinu (Duet),43
696,Thakilu Pukilu,45
697,"Karineela Kannilenthedi - From ""Chakkaramuthu""",33
698,Vanyam,45
699,Manassil,52
700,Nee Tholaindhaayo,49
701,Maahi Ve,62
702,Kannaare Kannaare,30
703,Thankamanassin,27
704,Somewhere Only We Know (feat. Darren Criss),64
705,Joy of Little Things,52
706,Apocalypse,80
707,Locked Away (feat. Adam Levine),77
708,Pramadhavanam,37
709,Puthiyoru Lokam,59
710,Thekku Thekku Thekkeppaadam,29
711,Oru Mazhappakshi (From “Kuberan”),17
712,Venmegam,63
713,"Mannata (From ""Heroes"")",32
714,Hosaina Hosaina,40
715,Kokkokko,34
716,Velikkuveluppankaalam,27
717,Devasabhathalam,32
718,"Aayiram Thara Deepangal (From ""Star"")",16
719,Maleyam,39
720,Kannum Chimmi Chimmi,17
721,The End - Remastered 2009,57
722,"Chahun Main Ya Naa (From ""Aashiqui 2"")",53
723,Nilamalare,47
724,"Thevaram Nokkunnunde - From ""Rasathanthram""",29
725,Dhadak Title Track,58
726,Manickyachirakulla,54
727,Panipaali,46
728,"Enadhuyire (From ""Bheema"")",51
729,Saayndhu Saayndhu,52
730,Choices,66
731,You,68
732,"O Saki Saki (From ""Batla House"")",65
733,The Luckiest,40
734,Kal Ho Naa Ho,65
735,Intentions,75
736,"Kanakkannil - From ""Police""",33
737,Thug Le,55
738,Disco Disco,47
739,Thaalolam,32
740,Vaaleduthal,38
741,Soniyo,58
742,Can't Take My Eyes off You,66
743,Aaruparanju,49
744,BURN IT DOWN,74
745,Kaatrukullai,34
746,Bohemian Rhapsody - Remastered 2011,82
747,Don’t Give Up On Me,51
748,"Ore Pakal (From ""Drishyam 2"")",37
749,Sleeping Alone,59
750,Roll with It,43
751,Theythaka,43
752,Sundaree Onnu Parayoo,36
753,Poojabimbam,31
754,Manju Peyyanu,38
755,If You Were Gone,29
756,Teri Meri,60
757,Niranazhiponnum,32
758,Lailakame,52
759,Nila Nila,37
760,Uff Teri Adaa,66
761,Allipoovin Kalyanam,32
762,Let Me Love You,83
763,Fairytale,74
764,lovely (with Khalid),87
765,Matargashti,61
766,Rakkilithan - Male Version,19
767,Chembavu,35
768,Neeyum Naanum Anbe,65
769,"SG (with Ozuna, Megan Thee Stallion & LISA of BLACKPINK)",78
770,Oru Rathri Koodi,46
771,We Will Rock You - Remastered 2011,79
772,Kaithappoovin,29
773,Marivillin,37
774,Kamariya,63
775,Happier Than Ever - Edit,84
776,How Do You Sleep?,0
777,Uyire,57
778,Chenthengin Ponnilaneer,23
779,Levitating (feat. DaBaby),86
780,Nainowale Ne,60
781,Samajavaragamana,63
782,High Hopes,82
783,Amplifier,68
784,Bad Day,63
785,Manimuttathavani,39
786,Genda Phool (feat. Payal Dev),61
787,Nee Manimukilaadakal,42
788,Heart Attack,79
789,Girls Like To Swing,48
790,Nadaan Parinde,59
791,Pancharachiri,25
792,Chirimanimulle,52
793,Achchi Lagti Ho,47
794,GHOST TOWN,81
795,Laung Da Lashkara,60
796,Tujh Mein Rab Dikhta Hai,71
797,Always Remember Us This Way,80
798,Oru Poovithalin,24
799,Cherathukal,53
800,The Wakhra Song,60
801,"Parayathe Vannen - From ""Bro Daddy""",56
802,A Sky Full of Stars,0
803,Kaanumbol Parayaamo,33
804,Numb,83
805,Oru Chik Chik Chik Chik,30
806,"Salangaigal - Tamil Version (From ""War"")",12
807,Kallai Kadavathu,34
808,Azhalinte Azhangalil - Male Vocals,48
809,No Lie,85
810,Wellerman - Sea Shanty,80
811,Thaimavin Thanalil,30
812,Thei Oru Thenavayal - Version 1,25
813,Poo Avizhum Pozhudhil,52
814,iT's YoU,81
815,Alare,57
816,Just Give Me a Reason,81
817,"Take Me Home, Country Roads",72
818,Happier,84
819,"Manassu - From ""Kunjeldho""",29
820,Too Good At Goodbyes,80
821,Anuragalola,35
822,Yaen Ennai Pirindhaai - Male,66
823,Meri Jaan,75
824,Vaanam,53
825,Njattu Velakkiliye - Female Version,32
826,"Nee - From ""Varathan""",54
827,Kali Kali Zulfon Ke,69
828,Pona Usuru Vanthurichu,47
829,Symphony (feat. Zara Larsson),76
830,Karmukil,51
831,Kaarkuzhali,29
832,Namo Namo,70
833,Tharum Thalirum,20
834,Muthaaram Muthundu,29
835,Varuvanillarumee,41
836,Jalebi Baby,72
837,Kural Kekkutha,46
838,High Heels Te Nachche,52
839,Ponmulam,28
840,"Chilum Chilum (From ""Aadupuliyattam"")",21
841,Sumuhurthamai,22
842,Prayam Nammil,42
843,Beautiful In White,67
844,"Mankoodil - From ""Kuruthi""",27
845,Can't Seem to Be Enough,40
846,Kettille Kettille - Reprise,23
847,Vellinilaathumbikalo,38
848,Ammathanal,31
849,Tu Badi Masha,27
850,Kannai Kalaimane - Instrumental,10
851,Kannil Nilavu,28
852,Shut Up and Dance,84
853,En Karalil - Version 1,42
854,Dolphin,63
855,Payphone,84
856,"Main Tera Boyfriend (From ""Raabta"")",56
857,Hai Junoon,62
858,Badri Ki Dulhania (Title Track),56
859,Pularaan Neram,47
860,'Till I Collapse,86
861,Muthum Pavizhavum,26
862,Buttabomma - Telugu,64
863,For The Lover That I Lost,59
864,Chasing Cars,77
865,Show Me the Meaning of Being Lonely,69
866,Chettikulangara - Version 1,38
867,Rivers and Roads,56
868,Oru Chik Chik,39
869,Minnale,49
870,Thala - Male Version,31
871,Ennai Kollathey,55
872,Butter,85
873,Ambarsariya,66
874,Onakka Munthiri,61
875,Vizhigalil Oru Vaanavil,54
876,Mitwa,64
877,cardigan,78
878,Sargam,26
879,Give Me Some Sunshine,63
880,Burn,71
881,Believe in You,56
882,Udd Gaye,67
883,光るなら,70
884,Glad You Came,79
885,Marimazha,39
886,"Tujhe Kitna Chahne Lage (From ""Kabir Singh"")",71
887,Vennilavae,58
888,Raakkuyil Paadi,38
889,American Kids,32
890,Choolamadichu,37
891,Melleyonnu,29
892,Yeh Tara Woh Tara,42
893,First Man,66
894,Sona Sona,48
895,Ponnilkkulichuninnu ( Duet),37
896,Heaven,70
897,Котик,49
898,"Chimmi Chimmi - From ""Urumi""",50
899,84,48
900,Gujarathi,38
901,Let's Have a Party,52
902,Kadalkkaattin,24
903,When Love's Around (feat. Syd),53
904,Kithachethum Kaatte,27
905,Vaa Vaa Thamarappenne,27
906,Malarkkili,40
907,Swaminadhapari,24
908,Etho Mazhayil,57
909,Raakkadal Kadanjedutha,25
910,Dynamite,87
911,if i only knew how,33
912,Chittikkurivi,29
913,Sooraj Ki Baahon Mein,64
914,"Ennavale Adi Ennavale (From ""Kaadhalan"")",47
915,Kunnumanikoottil,34
916,Lost Boy,73
917,Kadukedu,24
918,Levitating,85
919,Arike Ninna,55
920,Harichandana Malarile,40
921,Sunumithwa,21
922,"Mundiri Paadam - From ""Kochi Raajavu""",45
923,Tareefan,65
924,Kutty Pattas,65
925,Somebody To You,78
926,Oruvattam Koodi,8
927,Gori Gori Gori Gori,56
928,Oru Kari Mukilinu,51
929,Wake Me up When September Ends,77
930,Poove Poove,44
931,Maula Mere Lele Meri Jaan,51
932,Pathinaalam,25
933,Nadodi Theyyavum,24
934,Zaalima,69
935,Back To You - From 13 Reasons Why – Season 2 Soundtrack,74
936,Oru Rajamalli,42
937,Paattunarnnuvo,18
938,Hero,69
939,Cutiepie,58
940,O Sanam,64
941,Adyam Thammil,48
942,Sathiyama,55
943,Onnu Thodaanullil,29
944,Dhimu Dhimu,56
945,Pottu Thotta Pournami,59
946,Night Changes,86
947,Tauba Tauba,39
948,"Thakilu Pukilu (From ""Ravanaprabhu"")",38
949,"Suraj Hua Maddham (From ""Kabhi Khushi Kabhie Gham"")",50
950,Stressed Out,84
951,Babylon,51
952,Sagarangale,15
953,Viralthottal - Male Version,33
954,Neelashalabame,51
955,Unnam Marannu,23
956,Baby It's Cold Outside (duet with Michael Bublé),46
957,Marappadhilai Nenje - Additional Song,59
958,Ankhiyon Se Goli Mare,51
959,Scars To Your Beautiful,75
960,Pachamaanga,31
961,Oridathoridathorukara,28
962,You Don't Own Me (feat. G-Eazy),70
963,Ramayanakkatte,35
964,Chemmanam Poothe,23
965,"Chenthamare (From ""Whine"")",30
966,Oru Vattam Koodi,44
967,Iktara,67
968,Woman,92
969,Octopus's Garden - Remastered 2009,62
970,Raheemun Aleemun,51
971,Pathivo Maarum,37
972,Kryptonite,1
973,Shayad,71
974,Pichakappoomkavukal,27
975,Future Pt 2,44
976,Walls,75
977,"Carry On (from the Original Motion Picture ""POKÉMON Detective Pikachu"")",66
978,Saadi Galli Aaja,53
979,Nobody but You,6
980,Mele Vellithinkal,37
981,"Neeyoru Puzhayayi (From ""Thilakkam"")",51
982,Parthen Rasithen,43
983,Munthirichelulla Penne,27
984,Anuraaga,42
985,"Kaana Mullal - From ""Salt & Pepper""",29
986,Sukhamaanee Nilaavu,48
987,Suraj Hua Maddham,58
988,Chand Sifarish,71
989,"No News, No Time",24
990,Something Just Like This,84
991,Onnanam Kunninmel (Duet),27
992,"Galliyan (From ""Ek Villain"")",61
993,Don't Stop Me Now - Remastered 2011,82
994,Chembakavallikalil,35
995,"Sapna Jahan (From ""Brothers"")",60
996,Jerusalemile Poo,30
997,Nila Kaaigiradhu,47
998,Narasimham,18
999,"Neelamizhi - From ""Mohan Kumar Fans""",29
1000,Radha,57
1001,Raavin Nila Kaayal (F),35
1002,Sign of the Times,84
1003,Ponmuraliyoothum,30
1004,Naagin,61
1005,Enna Solla Pogirai,61
1006,Kuhu Kuhu Bole Koyalia With Raga Brief - Film - Suvarna Sundari,1
1007,"Happy - From ""Despicable Me 2""",81
1008,"I See Fire - From ""The Hobbit - The Desolation Of Smaug""",72
1009,Krishna Nee Begane - Raga Yamuna Kalyani - Tala Misra Chapu,12
1010,Come Together - Remastered 2009,78
1011,Aaramangal,0
1012,Allikalil,33
1013,Kanave Nee Naan,61
1014,I Think I Like When It Rains,74
1015,Pichavecha Naal,47
1016,Ente Ulludukkum,23
1017,Thoda Thoda Pyaar,73
1018,Break Free,76
1019,Jab Se Tere Naina,63
1020,Arcade,81
1021,You Never Give Me Your Money - Remastered 2009,58
1022,Chammak Challo,68
1023,Aaroral,37
1024,"Minni Minni - From ""June""",41
1025,Mukilinte,52
1026,Pinakkamano,37
1027,Under Pressure - Remastered 2011,79
1028,Hara Hara,37
1029,Innanikku Pottukuthan,21
1030,"Gazab Ka Hai Din (From ""Dil Juunglee"")",60
1031,Paathirapullu,33
1032,Falling Like The Stars,70
1033,Kathapoloru,14
1034,Chhor Denge,58
1035,Nee En Sarga,39
1036,Luka Chuppi,57
1037,Vaseegara,66
1038,Bole Chudiyan,63
1039,Bum Bum Bole,51
1040,Payye Veesum,51
1041,Dalavatheruvile,20
1042,sinking feeling,29
1043,Pinneyum Pinneyum,42
1044,Don't Leave Me Alone (feat. Anne-Marie),60
1045,Aayiram Pathasarangal,23
1046,Maa,62
1047,Makkasai Makkasai,34
1048,"Ranjha (From ""Shershaah"")",77
1049,Doori,64
1050,"Arabic Kuthu - Halamithi Habibo (From ""Beast"")",80
1051,"Muqabla (From ""Street Dancer 3D"")",63
1052,Superheroes,75
1053,"Hui Malang (From ""Malang - Unleash The Madness"")",51
1054,Wreak Havoc,25
1055,Thingal Nilaavil,18
1056,Can't Help Falling in Love,78
1057,Oru Murai Sujatha,27
1058,Love Yourself,84
1059,Stereo Hearts (feat. Adam Levine),82
1060,"Ambazham - From ""Ambazham""",32
1061,"Jiruthaana - From ""Rock N Roll""",8
1062,Stone,0
1063,Falling in Love at a Coffee Shop,58
1064,Just to Be Close to You,37
1065,Mera Jahan,52
1066,Ariyathe Ariyathe - Duet,46
1067,Soona Soona,56
1068,"Satarangi Re (From ""Dil Se"")",31
1069,Strawberries & Cigarettes,83
1070,"Vaathi Coming (From ""Master"")",59
1071,Please Don't Go,72
1072,Pashmina,55
1073,The Rains Of Castomere,51
1074,"Mann Bharryaa 2.0 (From ""Shershaah"")",68
1075,Red Right Hand (Peaky Blinders Theme) (Flood Remix) - Peaky Blinders Theme;Flood Remix,38
1076,"Vathikkalu Vellaripravu - From ""Sufiyum Sujatayum""",46
1077,Another One Bites The Dust - Remastered 2011,82
1078,Kala Chashma,62
1079,Give Your Heart a Break,72
1080,Airplanes (feat. Hayley Williams of Paramore),47
1081,Stop! Stop! Stop! - English version of S,29
1082,Bad Dreams - Stripped,53
1083,Hold Me,77
1084,Blinding Lights,91
1085,Saturday Saturday,55
1086,"A Whole New World (End Title) - From ""Aladdin""",66
1087,Minnalazhake,38
1088,Oru Vakkum - Version 1,26
1089,Shaba Shaba,30
1090,Suhara Song,0
1091,Thalaivaa Thalaivaa,40
1092,Kannazhaga - The Kiss of Love,65
1093,love nwantiti (feat. Dj Yo! & AX'EL) - Remix,83
1094,Vaarayo Vaarayo,63
1095,Ekantha Chandrike,23
1096,Nee Arinjo,25
1097,Bezos I,71
1098,Kadhayile Raajakumaaranum - Male Version,36
1099,Cid Moosa,36
1100,Ninakkai - From “Ithu Njangalude Lokam”,50
1101,Dancing When I Die,48
1102,Manja,51
1103,Papa Kahte Hain,50
1104,Golden,85
1105,The Feeling of Love,49
1106,Top Tucker,58
1107,Mood (feat. iann dior),85
1108,Faking In Love - Acoustic,34
1109,"Tum Hi Ho Bandhu (From ""Cocktail"")",56
1110,Dust and Sand,55
1111,"Kuzhaloothum Poomthennale - From ""Bhramaram""",43
1112,Nagada Sang Dhol,52
1113,Adi Penne,70
1114,Mera Yaar,69
1115,Sarike Ninne,39
1116,"Per Vachaalum Vaikkaama (From ""Dikkiloona"")",56
1117,Khalibali,56
1118,"Kizhakkumala Kammalitta - From ""Katha Thudarunnu""",8
1119,Omalaale,44
1120,Manjakiliye,32
1121,Pathinaalam Raavinthe,0
1122,Main Yahaan Hoon,64
1123,Quit Playing Games (With My Heart),67
1124,Kanne Kanne - Madras Gig,49
1125,Venom (Orochimaru Rap),34
1126,Tum Se Hi,73
1127,"Any Time, Any Place - Jam & Lewis Remix",29
1128,Kalyanakacheri,32
1129,"Sonare Sonare (From ""Punjabi House"")",20
1130,Kamini,51
1131,Strangers By Nature,67
1132,Once I Was 7 Years Old,53
1133,Enakenna Yerkanavey,48
1134,Enchanted,75
1135,Special - Acoustic,24
1136,Pehli Nazar Mein,67
1137,Mizhiyariyaathe (M),51
1138,Pogiren,62
1139,Old Town Road (TikTok Dance),0
1140,U.N.I.,55
1141,Nilaavil Ellame,54
1142,Innisai Paadivarum - Language: Tamil; Film: Thullatha Manamum Thullum; Film Artist 1: Vijay; Film Artist 2: Simran,53
1143,Woh Ladki Hai Kahan,62
1144,Nanavere,42
1145,Mukile Mukile,42
1146,Dancing On My Own,0
1147,Boulevard of Broken Dreams,77
1148,Isq Risk,59
1149,Muskurane - Romantic,59
1150,Kanne Kalaimane,53
1151,Venmathiye,61
1152,I Wanna Be with You,46
1153,2002,82
1154,"Omal Kanmani - From ""32 Am Adhyayam 23 Am Vakyam""",30
1155,Stronger (What Doesn't Kill You),75
1156,Mazha Paadum,48
1157,"Orochimaru's Theme (From ""Naruto"")",37
1158,Poo Parikkaan Porumo,15
1159,Nachde Ne Saare,65
1160,Ezhu Swarangalum,23
1161,The Scientist,84
1162,Parakkumthalika,23
1163,Hey There Delilah,79
1164,Here's Your Perfect,79
1165,The Jawaani Song,59
1166,Bohemian Rhapsody,82
1167,"Arike Naam - From ""Underworld""",24
1168,Easy On Me,87
1169,Hall of Fame (feat. will.i.am),80
1170,Param Sundari,71
1171,Lag Ja Gale,61
1172,Minnalkaivalacharthi,33
1173,Malamalalooya,31
1174,Ennodu Nee Irundhaal,65
1175,Peaches (feat. Daniel Caesar & Giveon),87
1176,Pookkal Pookkum,67
1177,The Remedy (I Won't Worry),61
1178,Piyu Bole,52
1179,Vibez,66
1180,Ninte Kannil - Male Version,28
1181,Sivadam Siva Naadam (Duet),25
1182,Poove Oru Mazhamutham,44
1183,"Mudhal Nee Mudivum Nee Title Track (From ""Mudhal Nee Mudivum Nee"")",68
1184,Mayilaay Parannu Vaa (Duet),36
1185,Old Town Road,77
1186,Vennila,58
1187,Konji Konji Vilikkunna,35
